[
    {
        "question": "What is Python?",
        "answer": "Python is a high-level programming language...",
        "difficulty_level": "easy",
        "tags": ["python", "programming"]
    },
    {
        "question": "What is a list comprehension?",
        "answer": "A list comprehension is a compact way to generate lists...",
        "difficulty_level": "intermediate",
        "tags": ["python", "data structures"]
    },
    {
        "question": "What is recursion?",
        "answer": "Recursion is a programming technique where a function calls itself...",
        "difficulty_level": "hard",
        "tags": ["programming", "algorithms"]
    }
]
